[{"Transaction_Date": "1/2/2009 6:17", "Product": "Product1", "Price": "1200", "Payment_Type": "Mastercard", "Name": "carolina", "City": "Basildon", "State": "England", "Country": "United Kingdom"}, {"Transaction_Date": "1/2/2009 4:53", "Product": "Product1", "Price": "1200", "Payment_Type": "Visa", "Name": "Betina", "City": "Parkville", "State": "MO", "Country": "United States"}, {"Transaction_Date": "1/2/2009 13:08", "Product": "Product1", "Price": "1200", "Payment_Type": "Mastercard", "Name": "Federica e Andrea", "City": "Astoria", "State": "OR", "Country": "United States"}, {"Transaction_Date": "1/3/2009 14:44", "Product": "Product1", "Price": "1200", "Payment_Type": "Visa", "Name": "Gouya", "City": "Echuca", "State": "Victoria", "Country": "Australia"}, {"Transaction_Date": "1/4/2009 12:56", "Product": "Product2", "Price": "3600", "Payment_Type": "Visa", "Name": "Gerd W ", "City": "Cahaba Heights", "State": "AL", "Country": "United States"}, {"Transaction_Date": "1/4/2009 13:19", "Product": "Product1", "Price": "1200", "Payment_Type": "Visa", "Name": "LAURENCE", "City": "Mickleton", "State": "NJ", "Country": "United States"}, {"Transaction_Date": "1/4/2009 20:11", "Product": "Product1", "Price": "1200", "Payment_Type": "Mastercard", "Name": "Fleur", "City": "Peoria", "State": "IL", "Country": "United States"}, {"Transaction_Date": "1/2/2009 20:09", "Product": "Product1", "Price": "1200", "Payment_Type": "Mastercard", "Name": "adam", "City": "Martin", "State": "TN", "Country": "United States"}, {"Transaction_Date": "1/4/2009 13:17", "Product": "Product1", "Price": "1200", "Payment_Type": "Mastercard", "Name": "Renee Elisabeth", "City": "Tel Aviv", "State": "Tel Aviv", "Country": "Israel"}]